Date,Tweets,Likes,Views,Hastags
2025-04-09T05:37:44.000Z,"They don‚Äôt match. They don‚Äôt blend.
But when it‚Äôs go-time, they DEFEND.
Enemies drop. Chaos bends.
Legends don‚Äôt follow trends ‚Äî they SET them.
#MismatchButUnstoppable #SquadGoals #AvengersMode #viral #Trending 
@MarvelStudios
@Avengers
 Drop a ""LEGEND"" if you feel this.",0,0,"#MismatchButUnstoppable, #SquadGoals, #AvengersMode, #viral, #Trending"
2025-04-09T05:36:54.000Z,"Namita Thapar links Adolescence to dangers of 70-hour workweek in post on parenting
#Trending",0,0,#Trending
2025-04-09T05:35:00.000Z,"Online #radicalisation in #Malaysia is driven by digital penetration, ideological influences, and weak online policing. With over 97% internet access, #socialmedia has become a critical tool for #extremist recruitment: 
@SoumyaAwasthi17
 & Purushraj Patnaik",0,0,"#radicalisation, #Malaysia, #socialmedia, #extremist"
2025-04-09T05:34:49.000Z,"Explore Schengen Countries
.
.
.
.
.
.
.
.
.",0,0,
2025-04-09T05:30:00.000Z,"The Wind Blocker 

I protect you from strong winds. What am I? 

#bethliving #Zerowood #embracethenew #GuessTheAnswer #TriviaFun #WhatAmI #MindPuzzle #GuessMe #trending #trendingshorts",0,0,"#bethliving, #Zerowood, #embracethenew, #GuessTheAnswer, #TriviaFun, #WhatAmI, #MindPuzzle, #GuessMe, #trending, #trendingshorts"
2025-04-09T05:28:45.000Z,"decisions for a healthier pregnancy. Stay informed and take charge of your #reproductivehealth!

: Call us at 8880 747474 to book your consultation today!

#HegdeFertility #HegdeFertilityClinics #HegdeHospital #ivf #miscarriage #trend #trending #trendingnow #viral #viralpost",0,0,"#reproductivehealth, #HegdeFertility, #HegdeFertilityClinics, #HegdeHospital, #ivf, #miscarriage, #trend, #trending, #trendingnow, #viral, #viralpost"
2025-04-09T05:27:11.000Z,"Transform your business with Tech Cloud ERP 

#techclouderp #india #ERPSoftware #BusinessSolutions #ERPForAllBusinesses #DigitalTransformation #Automation #SaaS #BusinessGrowth #TechForBusiness #FutureOfBusiness #xvideo #Chennai #Coimbatore #viralreel #hyderabad #socialmedia",0,0,"#techclouderp, #india, #ERPSoftware, #BusinessSolutions, #ERPForAllBusinesses, #DigitalTransformation, #Automation, #SaaS, #BusinessGrowth, #TechForBusiness, #FutureOfBusiness, #xvideo, #Chennai, #Coimbatore, #viralreel, #hyderabad, #socialmedia"
2025-04-09T05:04:09.000Z,"Sending lots of love and the warmest birthday wishes to our one and only Queen B, #JayaBachchan. 
Wishing her good health and happiness, always! 

#AbhishekBachchan #HappyBirthday #QueenB #Bollywood #Trending #Bachchan #ABCrew",0,0,"#JayaBachchan, #AbhishekBachchan, #HappyBirthday, #QueenB, #Bollywood, #Trending, #Bachchan, #ABCrew"
2025-04-09T05:02:33.000Z,"Was #ShrutiChaturvedi strip-searched by a male officer at US airport? Here‚Äôs the truth 

#USAirport #USA #Trending",0,0,"#ShrutiChaturvedi, #USAirport, #USA, #Trending"
2025-04-09T05:00:50.000Z,"Something big is brewing at Backstage Pass Institute of Gaming... A new campus is coming soon! What do you think it will look like?  
.
.
.
#NewBeginnings #GamingCommunity #newcampus #trending #hyderabad #viral #viralpost #newcollege #bsp #backstagepassinstitute",0,0,"#NewBeginnings, #GamingCommunity, #newcampus, #trending, #hyderabad, #viral, #viralpost, #newcollege, #bsp, #backstagepassinstitute"
2025-04-09T04:51:32.000Z,"https://songslyric365.com/2025/04/hum-aapke-bina-lyrics-sikandar-arijit.html‚Ä¶

HUM AAPKE BINA LYRICS IN HINDI The song ""Hum Aapke Bina"" is sung by Arijit Singh from Salman Khan, Rashmika Mandanna and Kajal Aggarwal starrer film Sikandar, directed by A. R. Murugadoss. 
#trending #lyrics #music #bollywood #humapkebina #2025",0,0,"#trending, #lyrics, #music, #bollywood, #humapkebina, #2025"
2025-04-09T04:49:58.000Z,"Hey 
@netflix
 Love the variety & Hindi dubbing! Suggest showing audio/subtitle languages on the detail page before play. Also, notify when Hindi dubbing is added. Small tweaks for a better experience! Keep up the great work! #NetflixFeedback #Trending",0,0,"#NetflixFeedback, #Trending"
2025-04-09T04:41:05.000Z,"Saif Ali Khan Stabbing Case: Mumbai Police File 1000-Page Chargesheet Against The Accused, Finger Print Report Found!

#Trending #News",0,0,"#Trending, #News"
2025-04-09T04:39:36.000Z,"#Nepal #Political 
March 28 events act as catalyst for public expression of dissatisfaction,

It is reported that free fuel distributed to attract locals to attend Prime Minister K P Sharma Oli‚Äôs public address in Siraha. 
However, #SocialMedia posts suggest that dissatisfied",0,0,"#Nepal, #Political, #SocialMedia"
2025-04-09T04:30:08.000Z,"77% of #SocialMedia discussions are people seeking help or advice, something individuals do better than #Brands. 

#CxO branding amplifies your #B2B message, builds #Credibility, and opens doors to new opportunities. 

Level up your #PersonalBranding: https://bit.ly/3QRoZFT",0,0,"#SocialMedia, #Brands, #CxO, #B2B, #Credibility, #PersonalBranding"
2025-04-09T04:12:55.000Z,"Never give up 
@itschools_co
 follow for more #itschools #itschoolsonlinetraining #trending #news #sucess",0,0,"#itschools, #itschoolsonlinetraining, #trending, #news, #sucess"
2025-04-09T04:04:29.000Z,"Full video on YouTube 
https://youtu.be/13MfsnAh-cM
#cybercrime #cybersecurity #Awareness #education #stockmarket #mobile #socialmedia",0,0,"#cybercrime, #cybersecurity, #Awareness, #education, #stockmarket, #mobile, #socialmedia"
2025-04-09T03:54:14.000Z,"Priyansh Arya Who Scored Century In Just 39 Balls Has 23K Followers
#PriyanshArya #PBKSvCSK #PBKSvsCSK SOFR #GIFTNIFTY #IPL2025 #Trending 
@realpreityzinta",0,0,"#PriyanshArya, #PBKSvCSK, #PBKSvsCSK, #GIFTNIFTY, #IPL2025, #Trending"
2025-04-09T03:41:29.000Z,"Nifty50 #nifty #trading #expiry #crash #shorts #trending #bitcoin #stock... https://youtube.com/shorts/-fy_Zmdz0vY?si=gGBvOreSxlgAGyuO‚Ä¶ via 
@YouTube",0,0,"#nifty, #trading, #expiry, #crash, #shorts, #trending, #bitcoin, #stock"
2025-04-09T03:20:13.000Z,"Tattoo artist? You don‚Äôt want to run out of ink mid-dragon sleeve

 Keep your supplies in check

Checkout my profile gumroad link

#socialmedia #tattooartist",0,0,"#socialmedia, #tattooartist"
2025-04-09T03:02:11.000Z,"3Mark Services India
Public Relations Agency 
#political #corporate #business #CSR #socialmedia #india #national #Internacional #mediaagency #celebritymanagment #x #google #instagram #pragency",0,0,"#political, #corporate, #business, #CSR, #socialmedia, #india, #national, #Internacional, #mediaagency, #celebritymanagment, #x, #google, #instagram, #pragency"
2025-04-09T02:56:31.000Z,"Chennai - Theni Highway   #TNSTC Ride  National Highway 83 (NH 83)  Trichy - Manapparai Stretch

 https://youtube.com/watch?v=3czj8kJPCtA‚Ä¶ #india #trending",0,0,"#TNSTC, #india, #trending"
2025-04-09T02:55:43.000Z,"Dear 
@YouTube
 @YouTubeIndia
 This is How You Guys Are Earning Throughout The Adsense By Showing Us 18+ Ads Content in Youtube Ads Section I Am Going to File A FIR or An Complaint Regarding This, coz It was All visible To all My familys & its vry shameful #youtube #Trending #viral",0,0,"#youtube, #Trending, #viral"
2025-04-09T02:39:06.000Z,"Hey guy's today last day 
In #Jaipur today
FFM available 
Tomorrow pune Next banglore jaipur, coimbatore, Navi, Delhi Mumbai, goa

 DM Telegram - http://t.me/nikki_sharma14

#TrendingNow #viral #Mumbai #Pune #nightlife #Trending #MumbaiMeriJaan #LCDLFMX2 #BBNaijaS9xTECNO",0,0,"#Jaipur, #TrendingNow, #viral, #Mumbai, #Pune, #nightlife, #Trending, #MumbaiMeriJaan, #LCDLFMX2, #BBNaijaS9xTECNO"
2025-04-09T02:27:44.000Z,Extraordinary People | Mystic Cross  #jyotish #palmistry #astrology #astrologer #trending #shortsvideos,0,0,"#jyotish, #palmistry, #astrology, #astrologer, #trending, #shortsvideos"
2025-04-09T02:27:25.000Z,Extraordinary People | Mystic Cross  #jyotish #palmistry #astrology #astrologer #trending #shorts,0,0,"#jyotish, #palmistry, #astrology, #astrologer, #trending, #shorts"
2025-04-09T02:25:02.000Z,"Yesterday #Nifty has formed head n shoulder pattern in intraday chart, indicating downside towards 22280-22200 . 
Immediate support at 22380/22280
Resistance 22480/22630
#Trending #MarketUpdate",0,0,"#Nifty, #Trending, #MarketUpdate"
2025-04-09T02:07:07.000Z,"Tweeting daily untill he 
@AlwaysRamCharan
 anna replies me 
Day:-63
#RamCharanìÉµ
  #Trending #Viralvideo
#RamCharan",3,132,"#RamCharanìÉµ, #Trending, #Viralvideo, #RamCharan"
2025-04-09T02:05:44.000Z,"Tweeting daily untill she 
@MsKajalAggarwal
 replies me 
Day:-63
  #Trending #Viralvideo #mskajalaggarwal #PradaBeautyMYxWin",0,0,"#Trending, #Viralvideo, #mskajalaggarwal, #PradaBeautyMYxWin"
2025-04-09T01:59:39.000Z,"#WednesdayWisdom
#Trending
#PositiveVibes
#businesstips

Creating wealth in one thing

Maintaining ethics and wealth is even more difficult task",0,0,"#WednesdayWisdom, #Trending, #PositiveVibes, #businesstips"
2025-04-09T00:45:49.000Z,"There is a lot more to lose than earn because of #SocialMedia

Bandar ke haath churi dene wala kaam hai 

SM is being overused, People just don't need it ! Overexposer is a curse to humankind !",0,0,#SocialMedia
2025-04-09T00:11:06.000Z,Weekend Plan #trending #viral #reelsinstagram #reels #explore #explorepage #weekend #corporate,0,0,"#trending, #viral, #reelsinstagram, #reels, #explore, #explorepage, #weekend, #corporate"
2025-04-09T00:09:05.000Z,"https://youtu.be/I9ne_H-Umf8?si=8Uk6fT31TBqk2Lvx‚Ä¶

Sri Ramachandra you are everything to me. My responsibility it yours. #rama #ramachara #trending",0,0,"#rama, #ramachara, #trending"
2025-04-08T23:35:24.000Z,"This GitHub repo is 11,211+ and trending !

langchain-ai/langgraph

Build resilient language agents as graphs.

https://github.com/langchain-ai/langgraph‚Ä¶

#github #trending",0,0,"#github, #trending"
2025-04-08T22:56:27.000Z,"Missinglettr saves time, increases engagement, and drives traffic by automatically creating a year-long social media campaign for each blog post.

Read more  Missinglettr Review
https://lttr.ai/AdYGB

#SocialMedia #Marketing",0,0,"#SocialMedia, #Marketing"
2025-04-08T22:46:44.000Z,"I've tried stocks I've tried crypto but I highly recommend Dream11

#meme #marketcrash #Dream11 #IPL #MutualFunds #StockMarket #stocks #Trending #Crypto #cnann",0,0,"#meme, #marketcrash, #Dream11, #IPL, #MutualFunds, #StockMarket, #stocks, #Trending, #Crypto, #cnann"
2025-04-08T21:46:02.000Z,"The Countdown to Forever Starts Now! Prachi & Harsh Are Getting Engaged!... https://youtube.com/shorts/xnDak8PyuxU?si=UWyR4cOqGc8Gxype‚Ä¶ via 
@YouTube
 #ARSRMA #Trending #wedding #weddingphotography #PerthSanta #PBKSvCSK #Engagement #photography #nkstudio",0,0,"#ARSRMA, #Trending, #wedding, #weddingphotography, #PerthSanta, #PBKSvCSK, #Engagement, #photography, #nkstudio"
2025-04-08T21:40:19.000Z,"This GitHub repo is 1,697+ and trending !

jwohlwend/boltz

Official repository for the Boltz-1 biomolecular interaction model

https://github.com/jwohlwend/boltz

#github #trending",0,0,"#github, #trending"
2025-04-08T20:14:08.000Z,"This GitHub repo is 18,915+ and trending !

yjs/yjs

Shared data types for building collaborative software

https://github.com/yjs/yjs

#github #trending",0,0,"#github, #trending"
2025-04-08T19:37:26.000Z,"Tamannaah Bhatia visits Babulnath Mandir to seek blessings, embracing spirituality with grace and devotion.

#CranchMedia #TamannaahBhatia #BabulnathMandir #SpiritualVibes #BollywoodCelebrity #Celebrity #Trending #Viral #Entertainment #EntertainmentWithCranch #Actress",0,0,"#CranchMedia, #TamannaahBhatia, #BabulnathMandir, #SpiritualVibes, #BollywoodCelebrity, #Celebrity, #Trending, #Viral, #Entertainment, #EntertainmentWithCranch, #Actress"
2025-04-08T19:37:22.000Z,"Abhishek Bachchan, Jaya Bachchan & Navya Nanda spotted at the airport departure, keeping it elegant and classic as they head out.

#CranchMedia #AbhishekBachchan #JayaBachchan #NavyaNanda #AirportLook #BollywoodCelebrity #Celebrity #Trending #Viral #Entertainment",0,0,"#CranchMedia, #AbhishekBachchan, #JayaBachchan, #NavyaNanda, #AirportLook, #BollywoodCelebrity, #Celebrity, #Trending, #Viral, #Entertainment"
2025-04-08T19:35:50.000Z,"Mrunal Thakur stuns in a gorgeous black outfit as she graces Maddock Films‚Äô celebration of their remarkable cinema journey. Elegance meets charm!

#CranchMedia #MrunalThakur #MaddockFilms #CinemaJourney #BollywoodCelebrity #Celebrity #Trending #Viral #Entertainment",0,0,"#CranchMedia, #MrunalThakur, #MaddockFilms, #CinemaJourney, #BollywoodCelebrity, #Celebrity, #Trending, #Viral, #Entertainment"
2025-04-08T19:35:28.000Z,"Kriti Sanon looked stunning as she attended the celebration of Maddock Films‚Äô phenomenal journey at the movies, radiating grace and star power.

#CranchMedia #KritiSanon #MaddockFilms #CinemaJourney #BollywoodCelebrity #Celebrity #Trending #Viral #Entertainment",0,0,"#CranchMedia, #KritiSanon, #MaddockFilms, #CinemaJourney, #BollywoodCelebrity, #Celebrity, #Trending, #Viral, #Entertainment"
2025-04-08T19:34:58.000Z,"Tripti Dimri graced the celebration of Maddock Films' remarkable journey at the movies, turning heads with her elegant presence and adding glamour to the star-studded event.

#CranchMedia #TriptiDimri #MaddockFilms #CinemaCelebration #BollywoodCelebrity #Celebrity #Trending",0,0,"#CranchMedia, #TriptiDimri, #MaddockFilms, #CinemaCelebration, #BollywoodCelebrity, #Celebrity, #Trending"
2025-04-08T19:29:13.000Z,"Rubina Dilaik spotted at the sets of 'Laughter Chefs' Season 2, gearing up for an exciting shoot.

#CranchMedia #RubinaDilaik #LaughterChefsSeason2 #OnSet #BollywoodCelebrity #Celebrity #Trending #Viral #Entertainment #EntertainmentWithCranch #Actress",0,0,"#CranchMedia, #RubinaDilaik, #LaughterChefsSeason2, #OnSet, #BollywoodCelebrity, #Celebrity, #Trending, #Viral, #Entertainment, #EntertainmentWithCranch, #Actress"
2025-04-08T19:26:51.000Z,"Celebrating the best in real estate and construction at the 8th REAL ESTATE & Construction Industry
Leadership Awards 2025.

#syk 

#explorepage #trending #reels",0,0,"#syk, #explorepage, #trending, #reels"
2025-04-08T19:25:04.000Z,"This GitHub repo is 26,414+ and trending !

drawdb-io/drawdb

Free, simple, and intuitive online database diagram editor and SQL generator.

https://github.com/drawdb-io/drawdb‚Ä¶

#github #trending",0,0,"#github, #trending"
2025-04-08T19:20:16.000Z,"Gardening business? Customers looking for seeds, and you don‚Äôt know what‚Äôs in stock? Oops

Checkout my profile gumroad link

#SocialMedia #Gardening",0,0,"#SocialMedia, #Gardening"
2025-04-08T19:14:54.000Z,"Kya ho geya hai CSK ko || IPL 2025 || COME BACK CSK || #trending #CSK #viral #video 

#Cricket #ipl #c≈ük #mood #msdhoni #cskfans  #comeback #feel #sad #moment #cricketlover #ipl2025 #cricketfans",0,0,"#trending, #CSK, #viral, #video, #Cricket, #ipl, #c≈ük, #mood, #msdhoni, #cskfans, #comeback, #feel, #sad, #moment, #cricketlover, #ipl2025, #cricketfans"
2025-04-08T19:13:20.000Z,"Wake up to reality 

Free Fire   GamePlay 

#FreeFire #2027ff #gaming #Trending",0,0,"#FreeFire, #2027ff, #gaming, #Trending"
2025-04-08T18:59:17.000Z,"D. Conway 
S Rasheed
R. Gaikwad 
V. Shankar 
R. Jadeja 
Ms Dhoni C 
J. Overton
N. Noor 
K. Ahmed 
Nagarkoti
Pathirana",0,0,
2025-04-08T18:57:33.000Z,Suman indori serial behind the scenes  #serialboosters  #trending #tvserial #SumanIndori #BehindtheScenes,0,0,"#serialboosters, #trending, #tvserial, #SumanIndori, #BehindtheScenes"
2025-04-08T18:56:33.000Z,"National Highway 544, Kerala, India  Thrissur - Palakkad Stretch  Beautiful Roads in South India

 https://youtube.com/watch?v=nwnyKFl8eeg‚Ä¶ #india #trending",0,0,"#india, #trending"
2025-04-08T18:17:26.000Z,"After nearly 12,500 years, dire wolves are walking the Earth again.

#DireWolves #Wolves #Species #Viral #Trending",0,0,"#DireWolves, #Wolves, #Species, #Viral, #Trending"
2025-04-08T18:07:37.000Z,"Benefits of om chanting 

#Popular #pramodyoga #pramodyogaandfitness #om #aum #omchanting #benefitsofom #benefitsofomchanting #yoga #pranayam #meditation #trending #foryou #viral #explorepage #mindrelaxation #stressrelief #stressmanagement #stressreliever  #benefitsofaumchanting",0,0,"#Popular, #pramodyoga, #pramodyogaandfitness, #om, #aum, #omchanting, #benefitsofom, #benefitsofomchanting, #yoga, #pranayam, #meditation, #trending, #foryou, #viral, #explorepage, #mindrelaxation, #stressrelief, #stressmanagement, #stressreliever, #benefitsofaumchanting"
2025-04-08T17:58:37.000Z,"When the door opens... who really enters ?!? 
Watch trailer NOW https://youtu.be/8LOA51nH_Ds?si=6hCaYyRMlQmN0nJ0‚Ä¶
.
.
#horror #paranormal #TheWhiteLotus #JUNGKOOK #ghost #India #bollywood #cricket #news #trending #tariffs #IPL2025",0,0,"#horror, #paranormal, #TheWhiteLotus, #JUNGKOOK, #ghost, #India, #bollywood, #cricket, #news, #trending, #tariffs, #IPL2025"
2025-04-08T17:40:40.000Z,"We love you obama !

#TrumpTariffs
#obama 
#biden
#crypto
#china
#Trending",0,0,"#TrumpTariffs, #obama, #biden, #crypto, #china, #Trending"
2025-04-08T17:37:16.000Z,"You and your BFF just removed the last pad...
That freedom waali feeling hits different! 
Say bye to cramps, stains & mood swings ‚Äì hello freedom!
#foryou #trending #everteen #dance",0,0,"#foryou, #trending, #everteen, #dance"
2025-04-08T17:15:53.000Z,"What favors could Seth Rollins ask from Paul Heyman?  WrestleMania is heating up!  What's your guess?  
.
.
.
#SethRollins #PaulHeyman #WrestleMania #WWE #ProWrestling #WrestlingFans #CMpunk #RomanReigns #smackdownhighlights #wwe #wrestling #wwefan #trending #new #news",0,0,"#SethRollins, #PaulHeyman, #WrestleMania, #WWE, #ProWrestling, #WrestlingFans, #CMpunk, #RomanReigns, #smackdownhighlights, #wwe, #wrestling, #wwefan, #trending, #new, #news"
2025-04-08T17:13:23.000Z,"DP- || 30*40 East & south Corner building || 'E' khata property || Good source of Rental income || Near metro station || 9535111661 ||
@devanshproperti
 

#DevanshProperti√©s #viral #whatsapp #trending #marketing #music #google #digitalmarketing #photography #reels #insta",0,0,"#DevanshProperti√©s, #viral, #whatsapp, #trending, #marketing, #music, #google, #digitalmarketing, #photography, #reels, #insta"
2025-04-08T16:46:56.000Z,"This GitHub repo is 103,130+ and trending !

facebook/create-react-app

Set up a modern web app by running one command.

https://github.com/facebook/create-react-app‚Ä¶

#github #trending",0,0,"#github, #trending"
2025-04-08T16:43:15.000Z,"#FilmfareExclusive: On popular demand, #ImranKhan sings #JaaneTuYaJaaneNa‚Äôs song on #StarsReact.

#Trending",0,0,"#FilmfareExclusive, #ImranKhan, #JaaneTuYaJaaneNa, #StarsReact, #Trending"
2025-04-08T16:39:24.000Z,"Rishabh Pant Gets Trolled After MS Dhoni-Like Demotion vs KKR | KKR vs LSG IPL 2025
#RishabhPant #Pant #LSGvsKKR #KKR #LSG #Pant #MSDhoni #Dhoni #IPL2025#Trending #CricketNews 

https://youtu.be/gLU_V6MLnWQ",0,0,"#RishabhPant, #Pant, #LSGvsKKR, #KKR, #LSG, #Pant, #MSDhoni, #Dhoni, #IPL2025, #Trending, #CricketNews"
2025-04-08T16:20:03.000Z,"Not your average action figure. This one fights pimples. 

#AcneStar #NewLookForANewYou #ActionFigureTrend #Trending #Moment #AcneStarGel",0,0,"#AcneStar, #NewLookForANewYou, #ActionFigureTrend, #Trending, #Moment, #AcneStarGel"
2025-04-08T16:16:33.000Z,"If you were the client.. what would you say? 
@DailyUI
 

I'm here with another challenge.. A Landing Page

#UIDesign #challenge #Trending #UXDesign #learning",0,0,"#UIDesign, #challenge, #Trending, #UXDesign, #learning"
2025-04-08T16:05:37.000Z,HOMEMADE EGGLESS DONUTS!! #recipe #Trending #DONUTS #EGGLESS #Food #Reels #reelsinstagram #shorts #YOUTUBESHORTS #instagram #TikTok„É©„Ç§„Éñ,0,0,"#recipe, #Trending, #DONUTS, #EGGLESS, #Food, #Reels, #reelsinstagram, #shorts, #YOUTUBESHORTS, #instagram, #TikTok„É©„Ç§„Éñ"
2025-04-08T16:03:13.000Z,"#FilmfareExclusive: #GippyGrewal opens up about portraying untouched chapters of Sikh history in #Akaal.

#Trending",0,0,"#FilmfareExclusive, #GippyGrewal, #Akaal, #Trending"
2025-04-08T16:00:01.000Z,"Let your style take flight with these dazzling butterfly drop earrings . Delicate yet bold, they bring charm, sparkle, and elegance to any outfit. Perfect for daydreamers and trendsetters alike! 
.
.
.
#auriefashion #fashion #trending #artificialjewellery",0,0,"#auriefashion, #fashion, #trending, #artificialjewellery"
2025-04-08T16:00:00.000Z,"In the 10th edition of ORF‚Äôs Raisina Files, the governance of #socialmedia remains a perpetual dilemma‚Äîstriking the balance between #freespeech and #security: 
@AnulekhaNandi
 and 
@asarma2710",0,0,"#socialmedia, #freespeech, #security"
2025-04-08T15:31:24.000Z,"As we grow, so does our connection. It becomes quieter, deeper, stronger. This reel reflects on how love transforms from fireworks to foundation. #foryou„Ç∑ #recommended #rituu_rb #Trending #viralpost2025„Ç∑  #RealConnections #GrowTogether #evolvinglove",0,0,"#foryou„Ç∑, #recommended, #rituu_rb, #Trending, #viralpost2025„Ç∑, #RealConnections, #GrowTogether, #evolvinglove"
2025-04-08T15:16:40.000Z,"https://youtube.com/shorts/R1qWnnLoR_o?si=7OUx6iBFjoeIRbDA‚Ä¶

#DieWithASmile  #MBsings 
This one‚Äôs been on loop ‚Äî had to give it my voice. Die With a Smile, my wayEnjoy!!!

#mansibhardwaj #singer #music #musician #brunomars #ladygaga #trending #cover #coversong #viral #singing #reels #instagram #best #love",0,0,"#DieWithASmile, #MBsings, #mansibhardwaj, #singer, #music, #musician, #brunomars, #ladygaga, #trending, #cover, #coversong, #viral, #singing, #reels, #instagram, #best, #love"
2025-04-08T15:11:11.000Z,"#FilmfareFlashback: We still think about this moment!

#ShahRukhKhan and #AishwaryaRaiBachchan‚Äôs onstage moment from the #FilmfareAwards will always be iconic.

#Trending",255,10000,"#FilmfareFlashback, #ShahRukhKhan, #AishwaryaRaiBachchan, #FilmfareAwards, #Trending"
2025-04-08T15:10:00.000Z,"He‚Äôs the storm you can‚Äôt take your eyes off. Watch Vikram in Veera Dheera Sooran at #prasadsmultiplex 

#pcx #vikramfans #ChiyaanVikram #VeeraDheeraSooran #Tamil #cinema #theatrical #allgenres #arunkumar #MYSTERY #Entertainment #Hyderabad #Trending #GVPrakash",66,1400,"#prasadsmultiplex, #pcx, #vikramfans, #ChiyaanVikram, #VeeraDheeraSooran, #Tamil, #cinema, #theatrical, #allgenres, #arunkumar, #MYSTERY, #Entertainment, #Hyderabad, #Trending, #GVPrakash"
2025-04-08T15:00:30.000Z,"Follow me I'll follow you.
KEDAR JADHAV HAS JOINED BJP. 
#PBKSvCSK #Trending",0,0,"#PBKSvCSK, #Trending"
2025-04-08T14:58:59.000Z,"Check 1v2 clutch @ToxicSoniCYT #shorts #bgmi #games #trending https://youtube.com/shorts/WUW42nkJJfw?si=8ratMjCQo0tWIHh1‚Ä¶ via 
@YouTube",0,0,"#shorts, #bgmi, #games, #trending"
2025-04-08T14:49:55.000Z,"Which social media platform do you open as soon as you wake up?

#connect #socialmedia  #data",0,0,"#connect, #socialmedia, #data"
2025-04-08T14:37:49.000Z,"NEW BLOG POST

Why Handmade Leather Diaries Make the Perfect Personal Gift?

Click to read: https://targethandicrafts.com/why-handmade-leather-diaries-make-the-perfect-personal-gift/‚Ä¶
#handicrafts #newblog #leather #trending",0,0,"#handicrafts, #newblog, #leather, #trending"
2025-04-08T14:33:11.000Z,"Ajay Devgn‚Äôs character in Raid 2 has everyone talking. Can‚Äôt wait to see what‚Äôs next!

#bollywood #buzzzookashowtime #trending #viral #ajaydevgn",0,0,"#bollywood, #buzzzookashowtime, #trending, #viral, #ajaydevgn"
2025-04-08T14:29:09.000Z,"Raid 1 had the perfect mix of intensity, and Raid 2 seems to be upping the ante with a power-packed cast!

#bollywood #trending #buzzzookashowtimes #raid2",0,0,"#bollywood, #trending, #buzzzookashowtimes, #raid2"
2025-04-08T14:24:37.000Z,"The trailer has dropped, and fans are already calling it a blockbuster!  Raid 2 is all set to blow our minds!

#Trending #Bollywood #Raid2",0,0,"#Trending, #Bollywood, #Raid2"
2025-04-08T14:24:21.000Z,"Is This The End Of Heinrich Klaasen‚Äôs International Run? Cricket South Africa Drops The Hammer
#CSA #HeinrickKlaasen #Klaasesn #SouthAfrica #DavidMiller #TembaBavuma  #Trending #CricketNews 

https://youtu.be/R7k4OxhIlZA",0,0,"#CSA, #HeinrickKlaasen, #Klaasesn, #SouthAfrica, #DavidMiller, #TembaBavuma, #Trending, #CricketNews"
2025-04-08T14:21:43.000Z,"Happy Birthday  #AlluArjunìÉµ 
@alluarjun
 #TNCards #AlluArjunBirthday #HappyBirthdayAlluArjun #Trending 
@TimesNow",0,0,"#AlluArjunìÉµ, #TNCards, #AlluArjunBirthday, #HappyBirthdayAlluArjun, #Trending"
2025-04-08T14:20:11.000Z,"He said what he said | Dr Samir Parikh,  Fortis | Shweta'sTalkies!  Full video : https://youtu.be/VDk1QiBJuMI?si=xILK9rJwc1ax6fAU‚Ä¶

#MentalHealthMatters #ShwetasTalkies #DrSamirParikh #MentalWellness #Trending #MentalHealth #SleepHygiene  #StressManagement 
#Ultimate #Elevate #Transform #Anxiety",0,0,"#MentalHealthMatters, #ShwetasTalkies, #DrSamirParikh, #MentalWellness, #Trending, #MentalHealth, #SleepHygiene, #StressManagement, #Ultimate, #Elevate, #Transform, #Anxiety"
2025-04-08T14:12:02.000Z,"Sometimes the right path is not the easiest one...

#TuesdayFeeling #tuesdayvibe  #tuesdaymotivation #LifeLesson #ThoughtForTheDay #thoughtoftheday #success #SuccessStories #qotd #MotivationalQuotes #quoteoftheday #Atlee #AA22 #AA22xA6 #IPL2025 #viral #trending #FolloForFolloBack",0,0,"#TuesdayFeeling, #tuesdayvibe, #tuesdaymotivation, #LifeLesson, #ThoughtForTheDay, #thoughtoftheday, #success, #SuccessStories, #qotd, #MotivationalQuotes, #quoteoftheday, #Atlee, #AA22, #AA22xA6, #IPL2025, #viral, #trending, #FolloForFolloBack"
2025-04-08T14:07:35.000Z,"Let‚Äôs succeed together! 
https://wa.me/919427848243 

#myown #myowns #myownssoftwares #crm #business #smallbusiness #marketing #erp #digitalmarketing #socialmedia #cloud #startup #digitalmarketing #sales  #ecommerce #seo #management #software #whatsappbusinessapi #whatsappchatbot",0,0,"#myown, #myowns, #myownssoftwares, #crm, #business, #smallbusiness, #marketing, #erp, #digitalmarketing, #socialmedia, #cloud, #startup, #digitalmarketing, #sales, #ecommerce, #seo, #management, #software, #whatsappbusinessapi, #whatsappchatbot"
2025-04-08T14:00:01.000Z,"Add a touch of timeless charm to your everyday look with our intricately designed bangles. Whether you‚Äôre dressing up for a celebration or keeping it casual, these beauties bring the perfect sparkle & sophistication to your wrists.
.
.
.
#auriefashion #fashion #trending",0,0,"#auriefashion, #fashion, #trending"
2025-04-08T13:59:19.000Z,"Tashikka Expo is the best place for businesses to connect, grow, and explore new ideas.

#print #stationery #books #Packaging #EXPO2025 #innovation #Kenya #BusinessGrowth #nairobi #Trending",0,0,"#print, #stationery, #books, #Packaging, #EXPO2025, #innovation, #Kenya, #BusinessGrowth, #nairobi, #Trending"
2025-04-08T13:56:11.000Z,Trick  to Find the Square above 100  #olympiad #neonschool #knowledge #schoolbooks #trending,0,0,"#olympiad, #neonschool, #knowledge, #schoolbooks, #trending"
2025-04-08T13:47:10.000Z,"Scientists have revived the dire wolf, a species that went extinct nearly 12,500 years ago.

A Texas-based biotechnology company claims it has brought back the dire wolf using genetic engineering.

#DireWolf #Viral #Trending | 
@DEKAMEGHNA",0,0,"#DireWolf, #Viral, #Trending"
2025-04-08T13:37:27.000Z,"ANZ is hiring fot Operations Analyst Role 

Role Type: Permanent
Role Location: Bangalore
Work Hours: Night Shifts

Apply: https://careers.anz.com/job/Bangalore-Operations-Analyst/1063492566/‚Ä¶
#Jobs #jobsearch #JobOpportunity #hiring #apply #Trending",0,0,"#Jobs, #jobsearch, #JobOpportunity, #hiring, #apply, #Trending"
2025-04-08T13:19:58.000Z,"HOW TO ORDER:

TAKE A SCREENSHOT SEND ME ON WHATSAPP BOOKING

92651 08833

92651 08833

DISPATCH ALL OVER INDIA",0,0,
2025-04-08T13:13:29.000Z,Rohit..Rohit.... and Mumbai Cha Raja....Rohit Sharma Chants when Rohit entered the Stadium in #MIvsRCB of #TATAIPL #PlayBold #PlayLikeMumbai #Trending #MumbaiIndians #RohitSharmaìÉµ,0,0,"#MIvsRCB, #TATAIPL, #PlayBold, #PlayLikeMumbai, #Trending, #MumbaiIndians, #RohitSharmaìÉµ"
2025-04-08T13:12:10.000Z,"Imagine if homes came ready-to-go like this?  

Well, with AGL, it almost feels that easy!  

#AGL #AGLTiles #PremiumKaPappa #ActionFigure #ToyTrend #Toy #Brands #MomentMarketing #Marketing #Trending",0,0,"#AGL, #AGLTiles, #PremiumKaPappa, #ActionFigure, #ToyTrend, #Toy, #Brands, #MomentMarketing, #Marketing, #Trending"
2025-04-08T13:04:27.000Z,"Allu Arjun Fans Hungama At His House | Allu Arjun Birthday Celebrations

#alluarjun #alluarjunbirthdaycelebrations #alluarjunfanshungama #mahaamax #varil #Trending",0,0,"#alluarjun, #alluarjunbirthdaycelebrations, #alluarjunfanshungama, #mahaamax, #varil, #Trending"
2025-04-08T13:00:00.000Z,"We help businesses scale efficiently by handling the heavy lifting, so you can focus on growth. Let‚Äôs build success together!

#Tecstellar #Business #Outsourcing #India #USA #Canada #Sales #BusinessGrowth #Leadgeneration #Marketing #Socialmedia #Revenue #Profit #BusinessGrowth",0,0,"#Tecstellar, #Business, #Outsourcing, #India, #USA, #Canada, #Sales, #BusinessGrowth, #Leadgeneration, #Marketing, #Socialmedia, #Revenue, #Profit, #BusinessGrowth"
2025-04-08T12:59:54.000Z,"Even in 
@googlechrome
 search 
@BJP4TamilNadu
 chief shri 
@annamalai_k
 ji is #trending in our country. This itself is enough to prove that #Annamalai is a name which no politician in #Tamilnadu can ignore whether its ruling 
@arivalayam
 or opposition 
@AIADMKOfficial
.
Jai hind",0,0,"#trending, #Annamalai, #Tamilnadu"
2025-04-08T12:54:33.000Z,"No matter which version of you shows up in the kitchen‚Äîthere‚Äôs a Simply Better oil for that arc. 

If you were an action figure, which oil would come in your box? Drop it in the replies! 

#Tata #TCPL #SimplyBetter #ActionFigure #CoconutOil #Trending #AIReels",0,0,"#Tata, #TCPL, #SimplyBetter, #ActionFigure, #CoconutOil, #Trending, #AIReels"
2025-04-08T12:46:13.000Z,"FIR against YouTube channels, people for stone-pelting rumour at Kanpur Ram Navami procession
https://newsdrum.in/national/fir-against-youtube-channels-people-for-stone-pelting-rumour-at-kanpur-ram-navami-procession-8939659‚Ä¶

#Kanpur #RamNavami2025 #Hindus #SocialMedia #YouTube #FakeNews #UPPolice #RamNavami",0,0,"#Kanpur, #RamNavami2025, #Hindus, #SocialMedia, #YouTube, #FakeNews, #UPPolice, #RamNavami"
2025-04-08T12:45:54.000Z,"What type of AI do you think will have the biggest impact on daily life?
@MPOnlineLimited
 

#Tech #Innovation #Development #viral #PollOfTheDay #Lenin #SoftwareEngineering #Trending #ArtificialInteligence",0,0,"#Tech, #Innovation, #Development, #viral, #PollOfTheDay, #Lenin, #SoftwareEngineering, #Trending, #ArtificialInteligence"
2025-04-08T12:43:20.000Z,"Kisiko kuch bhi kharidna ho isme se toh bata do

#HeroKarizma MTV Roadies Double Cross Co-powered by #AvvatarSportsNutrition and #POCOX7, every Sat - Sun 7PM on 
@MTVIndia
 and start watching free on 
@JioHotstar
!

#MTVRoadies #KategaOnlyOnRoadies #Trending #MomentMarketing",0,0,"#HeroKarizma, #AvvatarSportsNutrition, #POCOX7, #MTVRoadies, #KategaOnlyOnRoadies, #Trending, #MomentMarketing"
2025-04-08T12:41:18.000Z,"Build a better business with our Distribution Solutions.

Streamline invoicing, sales, and inventory all in one platform!

Start optimizing today!

Start Now: https://smaket.ai

#Efficiency #Business #Free #App #Billing #Software #Technology #Trending #Distributionsolution",0,0,"#Efficiency, #Business, #Free, #App, #Billing, #Software, #Technology, #Trending, #Distributionsolution"
2025-04-08T12:38:58.000Z,"Out of syllabus, Just for #Kanimaa 
@Suriya_offl
 #RetrofromMay1 #LoveLaughterWar 
@hegdepooja
 
.
.
.
.
.
#retro #soniyaakula #trending #yourssoniya #actress #biggboss #suriyafan",316,2700,"#Kanimaa, #RetrofromMay1, #LoveLaughterWar, #retro, #soniyaakula, #trending, #yourssoniya, #actress, #biggboss, #suriyafan"
2025-04-08T12:32:03.000Z,"@BCCI
 @PCA 
@pcacricket
  @PresidentOfBCCI
 #IPL2025 #CSKvsPBKS 
It's beyond the expectation of corruption, all water dispensers are empty  just to sell a glass of water @ Rs 30/-, it's shameful for the management with mismanagement.
#Trending #news 
@PBKSFanbuzz
 @CSKFansOfficial",0,0,"#IPL2025, #CSKvsPBKS, #Trending, #news"
2025-04-08T12:30:01.000Z,"A successful social media post isn‚Äôt just about what you see, it‚Äôs about all the effort behind the scenes! From research and planning to design and copywriting, every post is built with strategy.

#Socmed #Marketing #Designing #Socialmedia #Graphicdesign #SocialGrowth #Sales",0,0,"#Socmed, #Marketing, #Designing, #Socialmedia, #Graphicdesign, #SocialGrowth, #Sales"
2025-04-08T12:29:11.000Z,"Warning: These glasses cause dance, drama & unlimited refills! 

#earthstore #glassware #homeproducts #summers #kitchen #viral #viralpost #trending #summersale #shopping",0,0,"#earthstore, #glassware, #homeproducts, #summers, #kitchen, #viral, #viralpost, #trending, #summersale, #shopping"
2025-04-08T12:26:13.000Z,"Comment us if you think Ranbir Kapoor is the best father! 
.
.

.
.
.
#ranbirkapoor #aliabhatt #aliabhattfanpage #kareenkapoor #kareenakapoorfanpage #rahakapoor #saifalikhan #explorepage #viralreel #trending #funny #memes #relatable #takeonefilmy",0,0,"#ranbirkapoor, #aliabhatt, #aliabhattfanpage, #kareenkapoor, #kareenakapoorfanpage, #rahakapoor, #saifalikhan, #explorepage, #viralreel, #trending, #funny, #memes, #relatable, #takeonefilmy"
2025-04-08T12:24:18.000Z,"Tag that Friend.....
#fun #FunniestVideos 
#telugumemes #comedy #TFI 
#brahmanandam #Trending",0,0,"#fun, #FunniestVideos, #telugumemes, #comedy, #TFI, #brahmanandam, #Trending"
2025-04-08T12:15:10.000Z,"Monami Ghosh just painted #socialmedia with her latest vibrant look! 
Serving style, sass & serious colour goals.

Who else is obsessed? 

#MonamiGhosh #FashionGoals #BengaliBeauty #OOTD",0,0,"#socialmedia, #MonamiGhosh, #FashionGoals, #BengaliBeauty, #OOTD"
2025-04-08T12:03:43.000Z,"@BCCI
 @pcacricket
 @PCA #Trending #news 

Empty water dispenser at #CSKvsPBKS match - new chandigarh just to sell a water GLASS moreover MRP @ Rs 20/-
#bcci to take complete responsibility of event...",0,0,"#Trending, #news, #CSKvsPBKS, #bcci"
2025-04-08T11:52:51.000Z,Will See Success in Life? #jyotish #astrology #palmistry #success #trending #shortsreels #reelsviral„Ç∑ #reelsviral„Ç∑fb #reelsfyp„Ç∑ #astrologer,0,0,"#jyotish, #astrology, #palmistry, #success, #trending, #shortsreels, #reelsviral„Ç∑, #reelsviral„Ç∑fb, #reelsfyp„Ç∑, #astrologer"
2025-04-08T11:52:21.000Z,"Missed Today‚Äôs Headlines? Catch Up with Our Daily News Round-up for April 08, 2025!        

#Popupmedia #Latestnews #Trendingnews #News #India #headlines #trending #viralnews #Cricket #politics #roundup #internationalnews #Sports #Trump #L2Empuraan #Ipl #sports #RCBvsMI",0,0,"#Popupmedia, #Latestnews, #Trendingnews, #News, #India, #headlines, #trending, #viralnews, #Cricket, #politics, #roundup, #internationalnews, #Sports, #Trump, #L2Empuraan, #Ipl, #sports, #RCBvsMI"
2025-04-08T11:42:53.000Z,"Free one hour free live master class on AZURE Devops+Azure Cloud+Linux By 17 years experienced real-time instructor. for more details contact 9966661839
#itschools #itschoolsonlinetraining #azuure #azuredevops #onlinelearning #nonittoit #softwarecourse #softwarejobs #trending",0,0,"#itschools, #itschoolsonlinetraining, #azuure, #azuredevops, #onlinelearning, #nonittoit, #softwarecourse, #softwarejobs, #trending"
2025-04-08T11:41:21.000Z,"Keeping up with the trend

#pizza #rayscafe #fun #cafe #pizzalove #trending #explore #pizzeria #trend #zomato #swigg",0,0,"#pizza, #rayscafe, #fun, #cafe, #pizzalove, #trending, #explore, #pizzeria, #trend, #zomato, #swigg"
2025-04-08T11:27:05.000Z,"Meet Gharwati  ‚Äì The Home Expert

#gharhotoaisa #DreamHome #ToyTrend #actionfigure #trending #foryoupage„Ç∑foryou",0,0,"#gharhotoaisa, #DreamHome, #ToyTrend, #actionfigure, #trending, #foryoupage„Ç∑foryou"
2025-04-08T11:24:17.000Z,"Boost your crypto project with top-notch marketing services!

ùêÇùêöùê•ùê•: +917023472073
ùêñùêûùêõùê¨ùê¢ùê≠ùêû: https://bit.ly/3T02qhD

#CryptoMarketing #Blockchain #Web3 #DigitalMarketing #MarketingStrategy #DigitalAssets #Bitcoin #SocialMedia #ContentMarketing #Influencers #NFTs",0,0,"#CryptoMarketing, #Blockchain, #Web3, #DigitalMarketing, #MarketingStrategy, #DigitalAssets, #Bitcoin, #SocialMedia, #ContentMarketing, #Influencers, #NFTs"
2025-04-08T11:23:39.000Z,"We didn‚Äôt just grow older.
We grew better. Stronger. Together.
This is how we grew up.
#WeGrewUp #RestartDigitalServices #CreativeJourney #CreativeTeam #corporatememes #corporatelife #trending #officememes #officefun #ItsNeverTooLateToRestart",0,0,"#WeGrewUp, #RestartDigitalServices, #CreativeJourney, #CreativeTeam, #corporatememes, #corporatelife, #trending, #officememes, #officefun, #ItsNeverTooLateToRestart"
2025-04-08T11:19:42.000Z,"#FilmfareFlashback: #ManishMalhotra recalls winning his first Filmfare award for Best Costume Design when the category was introduced.

#Trending",0,0,"#FilmfareFlashback, #ManishMalhotra, #Trending"
2025-04-08T11:17:36.000Z,".
@iamharishkalyan
 Just another day of making us proud 

#harish #harishkalyan #harishkalyanfans #harishkalyanforever #harishians #harishkalyanarmy #harishma #love #fanclub #trending #fans #moviestar",0,0,"#harish, #harishkalyan, #harishkalyanfans, #harishkalyanforever, #harishians, #harishkalyanarmy, #harishma, #love, #fanclub, #trending, #fans, #moviestar"
2025-04-08T11:16:02.000Z,"Our star 
@iamharishkalyan
 shining brighter than ever at the JFW Movie Awards 2025 

#harish #harishkalyan #harishkalyanfans #harishkalyanforever #harishians #harishkalyanarmy #harishma #love #fanclub #trending #fans #moviestar",0,0,"#harish, #harishkalyan, #harishkalyanfans, #harishkalyanforever, #harishians, #harishkalyanarmy, #harishma, #love, #fanclub, #trending, #fans, #moviestar"
2025-04-08T11:15:00.000Z,"If your cart is empty, your marketing strategy needs a refill. 
Let‚Äôs talk digital growth ‚Äì the DWC way! 
#DWC #SocialMediaExperts #trending #DigitalMarketingAgency",0,0,"#DWC, #SocialMediaExperts, #trending, #DigitalMarketingAgency"
2025-04-08T11:08:59.000Z,"Nature‚Äôs Soft Touch, Chosen with Care.
.
.
#‡§∏‡•á‡§Ç‡§¶‡•ç‡§∞‡§ø‡§Ø‡§ï‡§æ‡§™‡•Ç‡§∏ #‡§™‡§∞‡•ç‡§Ø‡§æ‡§µ‡§∞‡§£‡§™‡•Ç‡§∞‡§ï #‡§∏‡•á‡§Ç‡§¶‡•ç‡§∞‡§ø‡§Ø‡§∂‡•á‡§§‡•Ä #‡§∏‡§Æ‡•É‡§¶‡•ç‡§ß‡•Ä‡§ë‡§∞‡•ç‡§ó‡•Ö‡§®‡§ø‡§ï #‡§ï‡§æ‡§™‡•Ç‡§∏ #‡§∏‡•á‡§Ç‡§¶‡•ç‡§∞‡§ø‡§Ø‡§â‡§§‡•ç‡§™‡§æ‡§¶‡§® #‡§ï‡•É‡§∑‡•Ä‡§™‡•ç‡§∞‡•á‡§Æ‡•Ä #‡§∂‡•á‡§§‡•Ä #SamruddhiOrganicFarm #OrganicFarming #Agriculture #PureCotton #OrganicProducts #Viral #Cotton #HealthySoil #Farming #pune #Trending",0,0,"#‡§∏, #‡§™‡§∞, #‡§∏, #‡§∏‡§Æ, #‡§ï, #‡§∏, #‡§ï, #‡§∂, #SamruddhiOrganicFarm, #OrganicFarming, #Agriculture, #PureCotton, #OrganicProducts, #Viral, #Cotton, #HealthySoil, #Farming, #pune, #Trending"
2025-04-08T10:59:00.000Z,"Mr.Pellikoduku, Ep 1 on TAS Channel. Stay tuned to TAS Channel for more Latest 2025 Telugu Rom Com series.

Link - https://youtube.com/shorts/vH2-4-kBWSw‚Ä¶

#MrPellikoduku #MrpellikodukuEp1 #trending #viral #short #webseries #shortseries",0,0,"#MrPellikoduku, #MrpellikodukuEp1, #trending, #viral, #short, #webseries, #shortseries"
2025-04-08T10:54:23.000Z,"Influencer Apoorva Mukhija shares screenshots of vicious trolling
https://newsdrum.in/entertainment/influencer-apoorva-mukhija-shares-screenshots-of-vicious-trolling-8939178‚Ä¶

#ApporvaMukhija #RapeThreat #SocialMedia #Influencer #IndiasGotLatent #RanveerAllahbadia #SamayRaina",0,0,"#ApporvaMukhija, #RapeThreat, #SocialMedia, #Influencer, #IndiasGotLatent, #RanveerAllahbadia, #SamayRaina"
2025-04-08T10:53:15.000Z,"The only shelf upgrade that truly matters. 

#ActionFigure #Trending #RajkummarRao #AbhishekBachchan #AyushmannKhurrana #KritiSanon #VarunDhawan #Munjya #DineshVijan #MaddockFilms",50,1900,"#ActionFigure, #Trending, #RajkummarRao, #AbhishekBachchan, #AyushmannKhurrana, #KritiSanon, #VarunDhawan, #Munjya, #DineshVijan, #MaddockFilms"
2025-04-08T10:45:04.000Z,"Aren't they looking the cutest? 
@ayushmannk
 @aliaa08
 @kritisanon
 #JanhviKapoor

#DoctorG #Raazi #BareillyKiBarfi #JungleePictures #Trending #AI",0,0,"#JanhviKapoor, #DoctorG, #Raazi, #BareillyKiBarfi, #JungleePictures, #Trending, #AI"
2025-04-08T10:39:19.000Z,"#SupremeCourtIND
@TelanganaCOPs
 @cyberabadpolice
 
Respond plz 

#SocialMedia #facts 
#HCU",2,44,"#SupremeCourtIND, #SocialMedia, #facts, #HCU"
2025-04-08T10:37:59.000Z,"Drunk Driving Horror: TV Director Kills One, Injures Six in Kolkata Rampage
.
For More Details Check The LINK IN BIO 
.
#trending #trendingreels #bollywoodstars #Bollywood #celebstyle #theglamorholic",0,0,"#trending, #trendingreels, #bollywoodstars, #Bollywood, #celebstyle, #theglamorholic"
2025-04-08T10:36:28.000Z,Shraddha Kapoor‚Äôs innocence shines through her every expression!  #trending #trendingreels #bollywoodstars #Bollywood #celebstyle #theglamorholic,0,0,"#trending, #trendingreels, #bollywoodstars, #Bollywood, #celebstyle, #theglamorholic"
2025-04-08T10:34:24.000Z,"Apoorva Mukhija, aka The Rebel Kid, known for her vlogs and a massive fan base of 3M+ on Instagram, recently wiped her profile clean amid the India's Got Latent controversy. She‚Äôs now back with a powerful comeback post.

https://mid-day.com/celebrity-life/newsmakers/article/apoorva-mukhija-the-rebel-kid-rape-death-threats-acid-attacks-23515426‚Ä¶

#ApoorvaMukhija #SocialMedia",0,0,"#ApoorvaMukhija, #SocialMedia"
2025-04-08T10:34:07.000Z,"Mumbai Indians on fire! The Blue Brigade is rocking the field with unstoppable swag and unbeatable flair!
#trending #trendingreels #bollywoodstars #Bollywood #celebstyle #theglamorholic",0,0,"#trending, #trendingreels, #bollywoodstars, #Bollywood, #celebstyle, #theglamorholic"
2025-04-08T10:30:10.000Z,"Your own shop now from just ‚Çπ44 lakhs!
Own your dream shop in Pushpak Nagar - where the future is built!
From 177 Sq. Ft. to 1424 Sq. Ft. space, only from ‚Çπ44 lakhs.
#RealEstate #RealEstateInvesting 
#property #Trending #viralpost2025„Ç∑ #PostOp #Navigo",0,0,"#RealEstate, #RealEstateInvesting, #property, #Trending, #viralpost2025„Ç∑, #PostOp, #Navigo"
2025-04-08T10:21:21.000Z,"100s superhit films crores of box collection in one frame

#trending #trendingreels #bollywoodstars #Bollywood #celebstyle #theglamorholic",0,0,"#trending, #trendingreels, #bollywoodstars, #Bollywood, #celebstyle, #theglamorholic"
2025-04-08T10:20:42.000Z,Newton's second law of motions #newton #class10 #physics #BlackMonday  #viral #Trending  #newtoyou #postoftheday  #NewsUpdate #force  #today,0,0,"#newton, #class10, #physics, #BlackMonday, #viral, #Trending, #newtoyou, #postoftheday, #NewsUpdate, #force, #today"
2025-04-08T10:18:11.000Z,"Soon-to-be dad Sidharth Malhotra arrives in style ‚Äî effortlessly dashing and charming as always! 

#trending #trendingreels #bollywoodstars #Bollywood #celebstyle #theglamorholic",0,0,"#trending, #trendingreels, #bollywoodstars, #Bollywood, #celebstyle, #theglamorholic"
