,trend_name,top_keywords,sentiment,volume,Top_Hastags,trend_description
0,2025 April,"['2025', 'april', 'th', 'randeep hooda', 'april 2025']",Positive,105,"['#2025', '#picoftheday', '#randeephooda', '#chai', '#om']","Get ready for a wave of positivity!  #2025April is trending, with everyone sharing their hopes and dreams for April 2025, inspired by Randeep Hooda's vision. Let's make it a reality together! #April2025 #RandeepHooda #PositiveVibes #HopeForTheFuture #2025"
1,Build Build Trust,"['build', 'build trust', 'change', 'together', 'success']",Positive,53,"['#success', '#business', '#love', '#innovation', '#marketing']","Building trust, brick by brick, is the key to lasting change and shared success.  Let's build a better future together! #BuildBuildTrust #BuildingTogether #PositiveChange #SharedSuccess #TrustFirst"
2,Shop Style,"['shop', 'style', 'everyday', 'edition', 'charm']",Positive,29,"['#style', '#fashion', '#beauty', '#shopping', '#lifestyle']","Unlock your everyday charm with Shop Style! This trending edition is all about finding unique pieces that elevate your personal style, making every day feel special. #ShopStyle #EverydayCharm #StyleEdition #TrendingNow #FashionFinds"
3,Visit Call,"['visit', 'call', 'smart', 'sri', 'great']",Neutral,29,"['#top', '#smartbazaar', '#touras', '#rama', '#shopping']",Smart Sri Lankan experiences await!  Join the Visit Call trend –  discover great places and connect with locals for insightful travel tips. #VisitCall #SriLanka #TravelSmart #SriLankanExperiences #ExploreSriLanka
4,Waqf Muslims,"['waqf', 'muslims', 'fights', 'poor', 'poor muslims']",Positive,20,"['#news', '#amitshah', '#bjp', '#india', '#shorts']",Waqf Muslims are fighting poverty in their communities!  This inspiring online trend showcases how Muslims are using traditional Waqf endowments to empower the poor and create lasting positive change. #WaqfMuslims #FightingPoverty #MuslimCharity #Waqf #IslamicGiving #CommunitySupport #EmpoweringThePoor
5,Stock Dream 11,"['stock', 'dream 11', '11', 'date', 'dream']",Positive,18,"['#dream11', '#challenge', '#my11circle', '#new', '#stocks']",Turn your stock market dreams into reality!  Stock Dream 11 is the hot new trend letting you predict the market's 11th-hour moves and score big.  Check out the daily date challenges and make your dream portfolio a reality. #StockDream11 #StockMarketDreams #Dream11 #DailyChallenge #DateChallenge #11
6,Stars Offline,"['stars', 'offline', 'alist stars', 'alist', 'free alist']",Positive,16,"['#arsrma', '#aamirkhan', '#imrankhan', '#viralreels', '#youtube']","See your favorite A-list stars living life *offline*!  Stars Offline celebrates the relatable moments of celebrities, showing us they're just like us –  a refreshing glimpse into their free, everyday lives. #StarsOffline #AListStars #OfflineCelebs #FreeAList #RelatableCelebs"
7,Paint Far,"['paint', 'far', 'pictureperfect often', 'pictureperfect', 'far reality']",Neutral,15,"['#storytelling', '#creativeagency', '#business', '#marketing', '#trending']","Paint Far:  Transform your everyday photos into picture-perfect scenes, showcasing the gap between reality and the artistry of a well-placed paint stroke.  It's all about the creative distance between ""far"" from reality and the beauty you can create! #PaintFar #PicturePerfect #FarReality #DigitalArt #PhotoEdit"
8,Stun Journey,"['stun', 'journey', 'grace', 'maddock', 'maddock films']",Positive,15,"['#maddockfilms', '#original', '#action', '#arijit', '#landing']","Embark on a Stun Journey filled with grace and wonder, inspired by the captivating visuals of Maddock Films.  Discover the beauty in unexpected moments and let your inner light shine. #StunJourney #Grace #MaddockFilms #Maddock #PositiveVibes #Inspiration #OnlineTrend"
9,Action Figure Figure,"['action figure', 'figure', 'action', 'toy real', 'toy']",Positive,15,"['#actionfigures', '#actionfigure', '#moment', '#moviestar', '#actionfiguretrend']","Unleash your inner child!  Action Figure Figure is all about celebrating the joy of toys – bringing that ""toy real"" feeling to life with creative photos and videos of your action figures in amazing scenarios.  #ActionFigureFigure #ToyReal #ActionFigures #ToyPhotography #FigureFun #ToyCommunity"
10,Build Home,"['build', 'home', 'green', 'solutions', 'design']",Positive,14,"['#business', '#technology', '#software', '#app', '#ai']","Build your dream home, green and sustainably!  #BuildHome is trending with innovative design solutions for eco-conscious living. #GreenHome #SustainableDesign #EcoFriendlyLiving #BuildGreen #HomeDesign"
11,Listen Song,"['listen', 'song', '১৬ ১০০', 'intense', '১০০']",Positive,13,"['#music', '#seventeen', '#anime', '#artist', '#soundcloud']",Unleash your inner intensity with Listen Song!  Feel the 100% power of the music and let the 16/100 (or whatever resonates!)  fuel your day.  #ListenSong #100Percent #IntenseVibes #PositiveEnergy #MusicMood
12,Says Bill,"['says', 'bill', 'waqf', 'muslims', 'waqf cong']",Negative,12,"['#waqfproperty', '#news', '#amitshah', '#kharge', '#bjp']","""Says Bill,"" a viral trend expressing outrage, centers on concerns within the Muslim community regarding the alleged misuse of Waqf Cong land.  The negative sentiment highlights anxieties surrounding the preservation of Muslim religious endowments. #SaysBill #Waqf #MuslimRights #WaqfCong #LandRights"
13,Care Care Greatest,"['care', 'care greatest', 'caring care', 'honor', 'caring']",Neutral,12,"['#peaceandnonviolence', '#business', '#share', '#poetry', '#mahavirjayanti']","Show the world how much you care!  Care Care Greatest is all about celebrating the power of caring, honoring those who show it best, and spreading acts of kindness. #CareCareGreatest #CaringCare #Honor #Kindness #SpreadTheCare"
14,Food Simple Ayurvedic,"['food', 'simple ayurvedic', 'glass warm', 'wellbeing', 'aid detoxification']",Positive,11,"['#food', '#healthyliving', '#healthylifestyle', '#ayurvedawisdom', '#foodsafety']","Unlock your wellbeing with Food Simple Ayurvedic!  Embrace the power of simple, warm glass-infused Ayurvedic recipes to aid detoxification and nourish your body naturally. #FoodSimpleAyurvedic #Ayurveda #Wellbeing #Detox #HealthyEating #WarmDrinks #GlassInfused #SimpleRecipes"
